{
    "num_nets": "1",
    "net_info": [
        {
            "die": "",
            "net": "VDD",
            "nominal_voltage": "1.10000002",
            "power_or_ground": "power"
        }
    ],
    "instance_voltage": [
        {
            "analysis_mode": "Avg",
            "measurement_mode": "elapsed",
            "min": "1.0868207216262817",
            "max": "1.0990279912948608",
            "average": "1.0973982139592753",
            "size": "11053",
            "die": "",
            "net": "VDD"
        },
        {
            "analysis_mode": "Worst",
            "measurement_mode": "elapsed",
            "min": "1.0868207216262817",
            "max": "1.0990279912948608",
            "average": "1.0973982139592753",
            "size": "11053",
            "die": "",
            "net": "VDD"
        }
    ]
}
