{
    "created_on": "2023-Feb-10 17:40:47",
    "creator": "voltus_rail",
    "nominal_voltage": "1.10000002",
    "is_power_net": "true",
    "is_dynamic_analysis": "false",
    "results": [
        {
            "type": "average",
            "num_voltages": "14028",
            "min_node_voltage": "1.08682072",
            "max_node_voltage": "1.10000002",
            "num_currents": "14028",
            "min_tap_current": "-0",
            "max_tap_current": "3.33097487e-05",
            "min_voltage_source_current": "-0.0037799763958901167",
            "max_voltage_source_current": "-0.0037799763958901167",
            "min_voltage_source_voltage": "1.1000000238418579",
            "max_voltage_source_voltage": "1.1000000238418579",
            "num_peak_currents": "14088",
            "peak_current_file": ".\/run2\/VDD_25C_avg_1\/voltus_rail.iavg",
            "min_peak_current": "-0.003779995022341609",
            "max_peak_current": "0.003779995022341609"
        }
    ]
}
