{
    "created_on": "2023-Feb-10 23:11:27",
    "creator": "voltus_rail",
    "nominal_voltage": "1.10000002",
    "is_power_net": "true",
    "is_dynamic_analysis": "false",
    "results": [
        {
            "type": "average",
            "num_voltages": "13706",
            "min_node_voltage": "1.0895834",
            "max_node_voltage": "1.10000002",
            "num_currents": "13706",
            "min_tap_current": "-0",
            "max_tap_current": "3.86660467e-05",
            "min_voltage_source_current": "-0.0037405635230243206",
            "max_voltage_source_current": "-0.0037405635230243206",
            "min_voltage_source_voltage": "1.1000000238418579",
            "max_voltage_source_voltage": "1.1000000238418579",
            "num_peak_currents": "13766",
            "peak_current_file": "run4\/VDD_25C_avg_1\/voltus_rail.iavg",
            "min_peak_current": "-0.0037405891343951225",
            "max_peak_current": "0.0037405891343951225"
        }
    ]
}
