{
    "created_on": "2023-Feb-10 20:28:47",
    "creator": "voltus_rail",
    "nominal_voltage": "1.10000002",
    "is_power_net": "true",
    "is_dynamic_analysis": "false",
    "results": [
        {
            "type": "average",
            "num_voltages": "13591",
            "min_node_voltage": "1.09483099",
            "max_node_voltage": "1.10000002",
            "num_currents": "13591",
            "min_tap_current": "-0",
            "max_tap_current": "4.31132685e-05",
            "min_voltage_source_current": "-0.0041164406575262547",
            "max_voltage_source_current": "-0.0041164406575262547",
            "min_voltage_source_voltage": "1.1000000238418579",
            "max_voltage_source_voltage": "1.1000000238418579",
            "num_peak_currents": "13648",
            "peak_current_file": ".\/run3\/VDD_25C_avg_1\/voltus_rail.iavg",
            "min_peak_current": "-0.0041164550930261612",
            "max_peak_current": "0.0041164550930261612"
        }
    ]
}
