{
    "num_nets": "1",
    "net_info": [
        {
            "die": "",
            "net": "VDD",
            "nominal_voltage": "1.10000002",
            "power_or_ground": "power"
        }
    ],
    "instance_voltage": [
        {
            "analysis_mode": "Avg",
            "measurement_mode": "elapsed",
            "min": "1.0948309898376465",
            "max": "1.0990417003631592",
            "average": "1.0973289614463513",
            "size": "10713",
            "die": "",
            "net": "VDD"
        },
        {
            "analysis_mode": "Worst",
            "measurement_mode": "elapsed",
            "min": "1.0948309898376465",
            "max": "1.0990417003631592",
            "average": "1.0973289614463513",
            "size": "10713",
            "die": "",
            "net": "VDD"
        }
    ]
}
