{
    "num_nets": "1",
    "net_info": [
        {
            "die": "",
            "net": "VDD",
            "nominal_voltage": "1.10000002",
            "power_or_ground": "power"
        }
    ],
    "instance_voltage": [
        {
            "analysis_mode": "Avg",
            "measurement_mode": "elapsed",
            "min": "1.0895833969116211",
            "max": "1.0990118980407715",
            "average": "1.0974167033007318",
            "size": "10739",
            "die": "",
            "net": "VDD"
        },
        {
            "analysis_mode": "Worst",
            "measurement_mode": "elapsed",
            "min": "1.0895833969116211",
            "max": "1.0990118980407715",
            "average": "1.0974167033007318",
            "size": "10739",
            "die": "",
            "net": "VDD"
        }
    ]
}
